{"cameraMode":{"drawMode":0,"name":"Shaded","section":"Shading Mode"},"sceneLighting":false,"audioPlay":false,"sceneViewState":{"showFog":true,"showMaterialUpdate":false,"showSkybox":false,"showFlares":true,"showImageEffects":true,"showParticleSystems":true},"in2DMode":false,"pivot":{"x":1.094599962234497,"y":-0.037125006318092349,"z":0.0},"rotation":{"x":-0.004188185092061758,"y":0.0224924199283123,"z":0.00009465969924349338,"w":0.9997382760047913},"size":1.607657551765442,"orthographic":false}