{"cameraMode":{"drawMode":0,"name":"Shaded","section":"Shading Mode"},"sceneLighting":false,"audioPlay":false,"sceneViewState":{"showFog":true,"showMaterialUpdate":false,"showSkybox":false,"showFlares":true,"showImageEffects":true,"showParticleSystems":true},"in2DMode":false,"pivot":{"x":-0.08247964084148407,"y":0.0,"z":-0.002500000176951289},"rotation":{"x":-0.004188185092061758,"y":0.0224924199283123,"z":0.00009465969924349338,"w":0.9997382760047913},"size":0.6208081841468811,"orthographic":false}