{"cameraMode":{"drawMode":0,"name":"Shaded","section":"Shading Mode"},"sceneLighting":false,"audioPlay":false,"sceneViewState":{"showFog":true,"showMaterialUpdate":false,"showSkybox":false,"showFlares":true,"showImageEffects":true,"showParticleSystems":true},"in2DMode":false,"pivot":{"x":0.2900000214576721,"y":0.5799999833106995,"z":2.2259998321533205},"rotation":{"x":0.07337304204702378,"y":0.04038013517856598,"z":0.002973320661112666,"w":-0.9964823126792908},"size":0.21382370591163636,"orthographic":false}