{"cameraMode":{"drawMode":0,"name":"Shaded","section":"Shading Mode"},"sceneLighting":true,"audioPlay":false,"sceneViewState":{"showFog":true,"showMaterialUpdate":false,"showSkybox":true,"showFlares":true,"showImageEffects":true,"showParticleSystems":true},"in2DMode":false,"pivot":{"x":-0.21599993109703065,"y":0.4099999666213989,"z":1.9911999702453614},"rotation":{"x":-0.09614676982164383,"y":-0.01881387084722519,"z":0.0018271385924890638,"w":-0.9951876997947693},"size":0.5258950591087341,"orthographic":false}